size,Cudabox Softmax (us),Torch Softmax (us)
1536.000000,9.307590,7.876465
3072.000000,10.346430,3.580080
4096.000000,10.665343,4.010266
5120.000000,10.647266,4.470055
8192.000000,10.344077,5.997937
16384.000000,10.508407,8.324438
32768.000000,10.521763,13.246085
65536.000000,12.753560,24.472476
131072.000000,13.970113,46.624899
262144.000000,15.350135,88.567781
524288.000000,17.273683,172.687296
1048576.000000,18.549801,340.489930
