size,Cudabox Softmax (us),Torch Softmax (us)
1536.000000,9.149866,7.882960
3072.000000,10.353794,3.582211
4096.000000,10.840796,4.012441
5120.000000,10.176434,4.473839
8192.000000,10.826687,5.999006
16384.000000,10.681587,8.325016
32768.000000,11.041703,13.251620
65536.000000,11.351476,24.492396
131072.000000,12.510014,46.657874
262144.000000,13.423609,88.608582
524288.000000,13.338400,172.708913
1048576.000000,16.022165,340.599997
